"species","month","error"
NA,NA,NA
"humpback",1,0.0454258764146785
"humpback",2,0.0522861274223693
"humpback",3,0.0210091661132241
"humpback",4,0.0335636451012688
"humpback",5,0.0265259329397185
"humpback",6,0.0636872638298351
"humpback",7,0.0272844955018587
"minke",2,0.0403236541398619
"minke",3,0.0301884228155468
"minke",4,0.0510107695078163
"minke",5,0.0787828274034179
"minke",6,0.0416151548553395
