"species","month","error"
NA,NA,NA
"humpback",1,0.0448557044630867
"humpback",2,0.0522227284848714
"humpback",3,0.0209026583149123
"humpback",4,0.0334580376089234
"humpback",5,0.0264559909942627
"humpback",6,0.0629838944052967
"humpback",7,0.0272517801306389
"minke",2,0.0407400153658851
"minke",3,0.0304556136135156
"minke",4,0.0560965583920723
"minke",5,0.0783653634270277
"minke",6,0.0392261838310063
